<?xml version="1.0" encoding="UTF-8"?>
<project-private xmlns="http://www.netbeans.org/ns/project-private/1">
    <editor-bookmarks xmlns="http://www.netbeans.org/ns/editor-bookmarks/2" lastBookmarkId="0"/>
    <open-files xmlns="http://www.netbeans.org/ns/projectui-open-files/2">
        <group>
            <file>file:/C:/Users/aaron/Documents/NetBeansProjects/SnakeGame/src/snakegame/Snake.java</file>
            <file>file:/C:/Users/aaron/Documents/NetBeansProjects/SnakeGame/src/snakegame/Obstacle.java</file>
            <file>file:/C:/Users/aaron/Documents/NetBeansProjects/SnakeGame/src/snakegame/Board.java</file>
            <file>file:/C:/Users/aaron/Documents/NetBeansProjects/SnakeGame/src/snakegame/Painter.java</file>
            <file>file:/C:/Users/aaron/Documents/NetBeansProjects/SnakeGame/src/snakegame/Food.java</file>
            <file>file:/C:/Users/aaron/Documents/NetBeansProjects/SnakeGame/src/snakegame/SnakeGame.java</file>
            <file>file:/C:/Users/aaron/Documents/NetBeansProjects/SnakeGame/src/snakegame/GameLoop.java</file>
            <file>file:/C:/Users/aaron/Documents/NetBeansProjects/SnakeGame/src/snakegame/Point.java</file>
        </group>
    </open-files>
</project-private>
